{
  "model_type": "BERTweet",
  "model_name": "vinai/bertweet-base",
  "pipeline_type": "Fast Hyperparameter Tuning + Final Training",
  "hyperparameter_tuning": {
    "method": "Fast Random Search",
    "subset_ratio": 0.02,
    "trials_per_model": 6,
    "epochs_per_trial": 2,
    "sentiment": {
      "best_f1": 0.5618997638415114,
      "best_params": {
        "learning_rate": 3.65445235521325e-05,
        "batch_size": 16,
        "warmup_ratio": 0.15986584841970367,
        "weight_decay": 0.02404167763981929,
        "hidden_dropout_prob": 0.13119890406724052,
        "classifier_dropout": 0.1116167224336399
      }
    },
    "emotion": {
      "best_f1": 0.1263227513227513,
      "best_params": {
        "learning_rate": 7.3464156009241e-05,
        "batch_size": 16,
        "warmup_ratio": 0.1684233026512157,
        "weight_decay": 0.04961372443656412,
        "hidden_dropout_prob": 0.12440764696895577,
        "classifier_dropout": 0.19903538202225401
      }
    },
    "multitask": {
      "best_combined_f1": 0.27311542618770157,
      "best_params": {
        "learning_rate": 5.262490902114904e-05,
        "batch_size": 16,
        "warmup_ratio": 0.19699098521619945,
        "weight_decay": 0.08491983767203796,
        "hidden_dropout_prob": 0.14246782213565523,
        "classifier_dropout": 0.1363649934414201,
        "alpha": 0.43668090197068676
      }
    }
  },
  "final_models": {
    "sentiment": {
      "accuracy": 0.8708304464020588,
      "f1_macro": 0.6070228872683407
    },
    "emotion": {
      "accuracy": 0.7465753424657534,
      "f1_macro": 0.7159867254575353
    },
    "multitask": {
      "sentiment_accuracy": 0.8214285714285714,
      "emotion_accuracy": 0.23679060665362034,
      "sentiment_f1_macro": 0.5722911643760079,
      "emotion_f1_macro": 0.10514111233535695,
      "combined_accuracy": 0.5291095890410958,
      "combined_f1_macro": 0.33871613835568243
    }
  },
  "performance_improvements": {
    "sentiment_f1_improvement": 0.04512312342682934,
    "emotion_f1_improvement": 0.589663974134784,
    "multitask_f1_improvement": 0.06560071216798086
  },
  "model_locations": {
    "sentiment": "./final_bertweet_sentiment_model/",
    "emotion": "./final_bertweet_emotion_model/",
    "multitask": "./final_bertweet_multitask_model/"
  }
}