{
  "42": {
    "roberta_sentiment": {
      "accuracy": 0.6,
      "macro_f1": 0.3802561960456697,
      "predictions": [
        0,
        2,
        0,
        0,
        0,
        2,
        0,
        0,
        0,
        0,
        0,
        0,
        0,
        0,
        0,
        0,
        0,
        0,
        0,
        0,
        0,
        0,
        0,
        0,
        0,
        0,
        0,
        0,
        0,
        0,
        0,
        0,
        0,
        0,
        0,
        0,
        0,
        0,
        0,
        2,
        0,
        0,
        0,
        2,
        0,
        0,
        0,
        2,
        0,
        0,
        2,
        2,
        0,
        2,
        0,
        0,
        2,
        0,
        0,
        2,
        0,
        0,
        2,
        0,
        0,
        0,
        0,
        0,
        0,
        0,
        0,
        0,
        0,
        0,
        0,
        0,
        0,
        0,
        2,
        0,
        0,
        2,
        2,
        0,
        0,
        0,
        0,
        0,
        0,
        0,
        0,
        0,
        0,
        0,
        0
      ],
      "confidences": [
        0.9700731635093689,
        0.6333001852035522,
        0.8180809020996094,
        0.9743642807006836,
        0.973635733127594,
        0.7633506655693054,
        0.9108933210372925,
        0.9765588045120239,
        0.980516254901886,
        0.9455263018608093,
        0.9509185552597046,
        0.9756655097007751,
        0.9804276823997498,
        0.9776936769485474,
        0.9756076335906982,
        0.9497672915458679,
        0.9752162098884583,
        0.9706898927688599,
        0.973839521408081,
        0.9769320487976074,
        0.9726395010948181,
        0.9808825850486755,
        0.9754275679588318,
        0.9755985736846924,
        0.9212735891342163,
        0.9767526984214783,
        0.8380326628684998,
        0.9546329379081726,
        0.9620634913444519,
        0.9742156863212585,
        0.966005265712738,
        0.974470317363739,
        0.830150306224823,
        0.9492642283439636,
        0.9236608147621155,
        0.9785388112068176,
        0.9604215621948242,
        0.9490154981613159,
        0.8845542073249817,
        0.6338500380516052,
        0.9634672999382019,
        0.9805446863174438,
        0.9166204929351807,
        0.5262371301651001,
        0.8567574620246887,
        0.843488335609436,
        0.9707944989204407,
        0.7206827998161316,
        0.9756888747215271,
        0.9655933976173401,
        0.6331027150154114,
        0.6726369857788086,
        0.9706101417541504,
        0.810053288936615,
        0.9732321500778198,
        0.9628666639328003,
        0.5093573331832886,
        0.8934280872344971,
        0.9191883206367493,
        0.8780465126037598,
        0.9731464385986328,
        0.9700229167938232,
        0.6692169308662415,
        0.9731100797653198,
        0.9734162092208862,
        0.9641577005386353,
        0.9799168109893799,
        0.97392737865448,
        0.9602372646331787,
        0.9773516058921814,
        0.9759998917579651,
        0.9602985382080078,
        0.9699989557266235,
        0.9391596913337708,
        0.9523247480392456,
        0.9519246816635132,
        0.9439201354980469,
        0.9748388528823853,
        0.8934665322303772,
        0.9752980470657349,
        0.7850538492202759,
        0.9048266410827637,
        0.6990728378295898,
        0.9760382771492004,
        0.9319931864738464,
        0.9729423522949219,
        0.7217606902122498,
        0.964592456817627,
        0.9611666798591614,
        0.9606934189796448,
        0.9704965353012085,
        0.9798975586891174,
        0.8983404636383057,
        0.9800025224685669,
        0.9695614576339722
      ],
      "true_labels": 