{
  "accuracy": 0.5578947368421052,
  "precision_macro": 0.33225108225108224,
  "recall_macro": 0.36813186813186816,
  "f1_macro": 0.30952380952380953,
  "precision_weighted": 0.4057416267942584,
  "recall_weighted": 0.5578947368421052,
  "f1_weighted": 0.43834586466165415,
  "cohen_kappa": 0.07252440725244069,
  "confusion_matrix": [
    [
      50,
      2,
      0
    ],
    [
      18,
      3,
      0
    ],
    [
      20,
      2,
      0
    ]
  ],
  "classification_report": {
    "Negative": {
      "precision": 0.5681818181818182,
      "recall": 0.9615384615384616,
      "f1-score": 0.7142857142857143,
      "support": 52.0
    },
    "Neutral": {
      "precision": 0.42857142857142855,
      "recall": 0.14285714285714285,
      "f1-score": 0.21428571428571427,
      "support": 21.0
    },
    "Positive": {
      "precision": 0.0,
      "recall": 0.0,
      "f1-score": 0.0,
      "support": 22.0
    },
    "accuracy": 0.5578947368421052,
    "macro avg": {
      "precision": 0.33225108225108224,
      "recall": 0.36813186813186816,
      "f1-score": 0.30952380952380953,
      "support": 95.0
    },
    "weighted avg": {
      "precision": 0.4057416267942584,
      "recall": 0.5578947368421052,
      "f1-score": 0.43834586466165415,
      "support": 95.0
    }
  },
  "predictions": [
    "0",
    "1",
    "0",
    "0",
    "0",
    "1",
    "0",
    "0",
    "0",
    "0",
    "0",
    "0",
    "0",
    "0",
    "0",
    "0",
    "0",
    "0",
    "0",
    "0",
    "0",
    "0",
    "0",
    "0",
    "0",
    "0",
    "0",
    "0",
    "0",
    "0",
    "0",
    "0",
    "0",
    "0",
    "0",
    "0",
    "0",
    "0",
    "0",
    "0",
    "0",
    "0",
    "0",
    "0",
    "0",
    "0",
    "0",
    "1",
    "0",
    "0",
    "1",
    "0",
    "0",
    "0",
    "0",
    "0",
    "0",
    "0",
    "0",
    "1",
    "0",
    "0",
    "0",
    "0",
    "0",
    "0",
    "0",
    "0",
    "0",
    "0",
    "0",
    "0",
    "0",
    "0",
    "0",
    "0",
    "0",
    "0",
    "1",
    "0",
    "0",
    "1",
    "0",
    "0",
    "0",
    "0",
    "0",
    "0",
    "0",
    "0",
    "0",
    "0",
    "0",
    "0",
    "0"
  ],
  "prediction_probs": [
    "[9.9696046e-01 2.8758415e-03 1.6362370e-04]",
    "[2.6381591e-02 9.7346330e-01 1.5500393e-04]",
    "[9.9737906e-01 2.4491595e-03 1.7177851e-04]",
    "[9.9823666e-01 1.5298690e-03 2.3347870e-04]",
    "[9.9706036e-01 2.7489746e-03 1.9066714e-04]",
    "[1.2396859e-03 9.9853683e-01 2.2352781e-04]",
    "[9.9343199e-01 6.4291838e-03 1.3891493e-04]",
    "[9.9776316e-01 2.0054285e-03 2.3142052e-04]",
    "[9.9798274e-01 1.8209339e-03 1.9624839e-04]",
    "[9.9685895e-01 2.9778879e-03 1.6311348e-04]",
    "[9.9596953e-01 3.8818668e-03 1.4859358e-04]",
    "[9.9801022e-01 1.7497384e-03 2.4008352e-04]",
    "[9.9818015e-01 1.6006927e-03 2.1917876e-04]",
    "[9.9769455e-01 2.1181311e-03 1.8737194e-04]",
    "[9.9805164e-01 1.7273680e-03 2.2111594e-04]",
    "[9.9660313e-01 3.2293510e-03 1.6746209e-04]",
    "[9.9817765e-01 1.5825932e-03 2.3972589e-04]",
    "[9.973821e-01 2.451105e-03 1.668320e-04]",
    "[9.9772567e-01 2.0753031e-03 1.9896544e-04]",
    "[9.9796993e-01 1.8171660e-03 2.1280318e-04]",
    "[9.9171716e-01 8.1520621e-03 1.3078985e-04]",
    "[9.9775714e-01 2.0648832e-03 1.7802724e-04]",
    "[9.9779594e-01 2.0037289e-03 2.0032159e-04]",
    "[9.9779546e-01 2.0189716e-03 1.8551391e-04]",
    "[9.9581170e-01 4.0400261e-03 1.4824183e-04]",
    "[9.9721426e-01 2.5979425e-03 1.8785453e-04]",
    "[9.9438852e-01 5.4672542e-03 1.4423573e-04]",
    "[9.9622571e-01 3.6189903e-03 1.5539654e-04]",
    "[9.9519569e-01 4.6608974e-03 1.4341166e-04]",
    "[9.9686533e-01 2.9670582e-03 1.6751877e-04]",
    "[9.9737835e-01 2.4346609e-03 1.8707584e-04]",
    "[9.9747270e-01 2.3401945e-03 1.8699597e-04]",
    "[9.9186158e-01 7.9469401e-03 1.9143442e-04]",
    "[9.9554425e-01 4.2824578e-03 1.7330471e-04]",
    "[9.9381542e-01 6.0250391e-03 1.5955829e-04]",
    "[9.9825114e-01 1.4603483e-03 2.8845516e-04]",
    "[9.9797493e-01 1.8118809e-03 2.1323575e-04]",
    "[9.9282116e-01 7.0201899e-03 1.5868474e-04]",
    "[9.9170387e-01 8.1374943e-03 1.5866783e-04]",
    "[9.9226248e-01 7.5983759e-03 1.3905899e-04]",
    "[9.9733281e-01 2.4670807e-03 2.0011731e-04]",
    "[9.9810350e-01 1.6734961e-03 2.2292021e-04]",
    "[9.9772626e-01 2.0764356e-03 1.9734415e-04]",
    "[9.8757672e-01 1.2257131e-02 1.6611129e-04]",
    "[9.9732071e-01 2.4953212e-03 1.8389126e-04]",
    "[9.9667299e-01 3.1742540e-03 1.5283139e-04]",
    "[9.9703848e-01 2.8029610e-03 1.5851497e-04]",
    "[5.2768834e-02 9.4695902e-01 2.7221706e-04]",
    "[9.9818075e-01 1.5739743e-03 2.4528150e-04]",
    "[9.9705291e-01 2.7717408e-03 1.7531896e-04]",
    "[2.1216372e-02 9.7860283e-01 1.8086567e-04]",
    "[9.8137903e-01 1.8474048e-02 1.4694805e-04]",
    "[9.9834025e-01 1.3677137e-03 2.9204684e-04]",
    "[9.7600001e-01 2.3803432e-02 1.9651408e-04]",
    "[9.9781078e-01 2.0051112e-03 1.8410834e-04]",
    "[9.9758375e-01 2.2448834e-03 1.7134332e-04]",
    "[9.2589134e-01 7.3832117e-02 2.7646433e-04]",
    "[9.8805583e-01 1.1799316e-02 1.4492832e-04]",
    "[9.9653924e-01 3.2956498e-03 1.6511203e-04]",
    "[3.0489319e-03 9.9678373e-01 1.6733469e-04]",
    "[9.9795377e-01 1.8312673e-03 2.1498582e-04]",
    "[9.9734902e-01 2.4640900e-03 1.8685673e-04]",
    "[9.919808e-01 7.846488e-03 1.727119e-04]",
    "[9.9809843e-01 1.6890097e-03 2.1268024e-04]",
    "[9.9768376e-01 2.0992635e-03 2.1690731e-04]",
    "[9.9639124e-01 3.4369775e-03 1.7170692e-04]",
    "[9.9821728e-01 1.5031719e-03 2.7952631e-04]",
    "[9.9759185e-01 2.1974738e-03 2.1073729e-04]",
    "[9.9744189e-01 2.3660399e-03 1.9202629e-04]",
    "[9.9738747e-01 2.4386325e-03 1.7392886e-04]",
    "[9.9803907e-01 1.7574911e-03 2.0350520e-04]",
    "[9.9667609e-01 3.1610564e-03 1.6291630e-04]",
    "[9.9750084e-01 2.3287458e-03 1.7044382e-04]",
    "[9.9529403e-01 4.5504258e-03 1.5554331e-04]",
    "[9.9686098e-01 2.9619068e-03 1.7700873e-04]",
    "[9.9518377e-01 4.6590860e-03 1.5721371e-04]",
    "[9.9759185e-01 2.2119712e-03 1.9624508e-04]",
    "[9.9793065e-01 1.8639734e-03 2.0538768e-04]",
    "[8.3228253e-04 9.9887389e-01 2.9373824e-04]",
    "[9.8990798e-01 9.9529224e-03 1.3908524e-04]",
    "[7.6171261e-01 2.3801760e-01 2.6974117e-04]",
    "[1.0051184e-02 9.8978043e-01 1.6833872e-04]",
    "[9.9723637e-01 2.5821039e-03 1.8157948e-04]",
    "[9.9795783e-01 1.8289760e-03 2.1324125e-04]",
    "[9.9724966e-01 2.5511638e-03 1.9909596e-04]",
    "[9.9796873e-01 1.8074989e-03 2.2376141e-04]",
    "[9.9774253e-01 2.0613882e-03 1.9615382e-04]",
    "[9.9773240e-01 2.0712421e-03 1.9635171e-04]",
    "[9.9761164e-01 2.2171123e-03 1.7124567e-04]",
    "[9.9768615e-01 2.1308635e-03 1.8301982e-04]",
    "[9.9789965e-01 1.8853374e-03 2.1497374e-04]",
    "[9.9809104e-01 1.6614666e-03 2.4749397e-04]",
    "[9.9606365e-01 3.7833974e-03 1.5293941e-04]",
    "[9.9778074e-01 2.0233674e-03 1.9588353e-04]",
    "[9.9759090e-01 2.2164201e-03 1.9261533e-04]"
  ],
  "true_labels": [
    0,
    1,
    0,
    2,
    0,
    0,
    2,
    0,
    0,
    0,
    0,
    0,
    0,
    0,
    0,
    1,
    0,
    0,
    0,
    0,
    0,
    0,
    0,
    0,
    1,
    2,
    1,
    0,
    1,
    1,
    1,
    1,
    2,
    1,
    0,
    0,
    1,
    0,
    1,
    2,
    1,
    2,
    0,
    2,
    0,
    0,
    2,
    1,
    2,
    0,
    1,
    1,
    0,
    2,
    0,
    1,
    2,
    0,
    1,
    2,
    0,
    2,
    1,
    0,
    0,
    2,
    0,
    2,
    1,
    0,
    0,
    0,
    0,
    1,
    0,
    2,
    0,
    0,
    2,
    2,
    0,
    0,
    2,
    0,
    1,
    0,
    2,
    2,
    2,
    0,
    0,
    0,
    0,
    0,
    0
  ],
  "label_names": [
    "Negative",
    "Neutral",
    "Positive"
  ]
}